emotion_label,mouth_width,eye_distance,eyebrow_raise,smile_intensity,frown_intensity,mean_GSR,GSR_peaks,GSR_slope
Happy,33.7704236723433,48.8816562586078,0.0331330515172334,0.845669848556375,0.0287699979112553,4.16140877825817,2,0.637077627089044
Happy,30.2642903597234,48.8783713084455,0.207223567893338,0.696821433058742,0.10677310567072,3.33432306019723,2,-0.475080576153508
Fear,39.3203461182641,44.0281399989194,0.808714687741804,0.000116955154690213,0.0032590056492949,5.58227452955322,5,0.0119010803915614
Happy,30.5941433692665,44.5071646595137,0.113905006369224,0.66043846226273,0.0438190178065148,4.84910286595383,3,-0.645673269259983
Surprise,30.3555802904506,49.084592135713,0.479939887285773,0.0186452008215903,0.0468900773127091,4.88472424125689,2,0.112955319163576
Angry,35.331583009092,46.5277447561607,0.144745227717053,0.0167982868595289,0.876719708110802,6.31104550908947,3,1.12819672805631
Angry,35.491795648137,41.8798196984412,0.279698406683321,0.00095252091162138,0.99580052155003,4.81165279055149,5,0.439643019314417
Angry,30.7203583633611,43.915652117573,0.214233189272833,0.0760108360560949,0.661641976990396,5.72688686627068,3,0.267930477361371
Surprise,38.6519818842938,46.1502803611278,0.349856828504843,0.054127328973533,0.0304207793230215,5.45886940698841,2,-0.118387060992603
Neutral,27.3681062551142,44.1310587564742,0.0760792149447883,0.0194237364999399,0.070922074398044,2.81221657569166,1,0.393674590612623
Neutral,32.1031809716448,41.704521639187,0.099265946331513,0.00277089551270777,0.0866042661381013,2.32284258768452,1,0.302577610355786
Neutral,27.4471776751846,45.307248217865,0.0141797023114488,0.0951787078123365,0.0208458629697697,2.52998617540514,1,-0.0301421125062992
Fear,35.1794573746766,49.8875853833155,0.80554148214553,0.165884877786082,0.0319621144332945,5.66385274067335,3,0.125149370730695
Neutral,26.6740833177567,46.621183450374,0.164561919775363,0.0694233829214908,0.0216072803126682,2.57265208424064,0,0.462099599632102
Sad,22.8720580117147,48.2069145708381,0.0968743801600667,0.152670124179696,0.830525074177053,1.12471531097213,2,0.329990492783266
Neutral,34.6798943470127,48.4905796859311,0.102527822456237,0.0613315351936806,0.0920789349430568,2.36594516319702,0,-0.24825006708548
Sad,22.2512140303815,43.7515755790634,0.0611167053490832,0.147201783888733,0.509583027886399,1.22221386941693,0,-0.393937295504506
Fear,35.3219098551724,45.5703945401388,0.836327024686253,0.129744845523733,0.0350315224164175,6.03570737300908,4,-0.318653503388195
Angry,33.8470283362233,43.9017358608301,0.129499055630924,0.0145405614021714,0.449255857503964,4.32393622731152,5,0.706015647010161
Angry,27.8870299059908,45.920655486922,0.0403914123665981,0.0929887547403509,0.722430278355953,6.68424148414545,5,0.598472936235043
Fear,37.6621454121156,45.2501902825555,0.413380128976874,0.177296684382779,0.271466465391314,6.39969984431866,5,-0.0500444936205586
Fear,30.1546794616551,46.9748034714122,0.568776253484201,0.191538120331128,0.228237637161196,7.19003750194244,5,-0.0239524516759162
Neutral,28.9598541075277,43.8305565904514,0.13146651750148,2.45845976780124e-05,0.0594818052570057,2.15790077290355,1,-0.160961994973752
Neutral,30.7186037840301,40.1057913504928,0.0520288987185691,0.0109911411966406,0.0714767753727986,2.82593571424696,1,-0.543541051558991
Sad,22.6082778856638,40.1776844952434,0.0694050321615072,0.0974994737743896,0.978882941549003,2.07091762948128,0,0.724844146775402
Surprise,27.7317398695637,47.3652392293104,0.465746929155617,0.110251394666827,0.0901351235299274,5.83531408721917,4,0.546554719117819
Sad,26.6752585514619,46.9616680670499,0.0853106890652828,0.147465779353698,0.592360572290932,1.59582356646468,0,0.126824039606247
Neutral,28.6642650388778,44.5479069399791,0.0613635603556536,0.0996682588020085,0.0196437774518799,2.648881906015,0,0.0968898503189021
Surprise,34.5267097284836,42.1631830002513,0.73397131274112,0.125230502687468,0.068781098895407,5.18456845793203,2,0.144670374659268
Sad,22.214005355467,43.19366608738,0.00635416009370905,0.0789678472197761,0.949286738077293,2.84732449140548,1,-0.0464906855001425
Surprise,29.110325698794,48.0216172825672,0.868619196919859,0.0341808603059196,0.0601906207899305,5.01741387270656,4,0.393934766597326
Angry,36.3780819200097,40.0497882732129,0.00758770245551883,0.0410394885334527,0.451030754576786,4.86757435731924,3,-0.45723016316231
Surprise,32.0952760709003,43.9769293249057,0.372839685645207,0.108763550957351,0.0739078022190562,5.97875898982824,3,0.692035679391835
Sad,25.7204375154056,41.7136337521763,0.0117017633271922,0.196558056947594,0.617827830951184,2.19629628627518,2,1.02095855056328
Angry,35.9335392631236,47.475831190742,0.264291708700477,0.0853095942551028,0.937865843327688,4.76688020804869,4,-0.299182447304471
Sad,21.7478347884959,49.4503903515388,0.00806483144245904,0.0780894003668331,0.829037666244141,2.12340062786587,1,-0.598559108977804
Angry,27.49178444752,45.8997659586706,0.362609212879187,0.0925134177274672,0.739617878891768,5.77924341483198,4,0.88004373526977
Sad,26.2403682000017,42.3886363516705,0.0477481733612802,0.0471078328011184,0.884342539478538,1.28296806629254,2,-0.48990109060927
Neutral,34.6569991343542,48.7943272343417,0.0653715196599114,0.0505397827179283,0.042238384398229,2.6413478276229,1,0.19560844667962
Happy,47.6660196063978,42.3992414169348,0.100914759579911,0.84751817490369,0.00236736258729802,3.9666679593532,2,0.866022296328561
Surprise,30.4694592875407,48.4392848119271,0.607698908317089,0.152382650727639,0.0887162759941486,4.09933778452783,2,-0.233473874567423
Sad,26.3177966626744,43.1284934914536,0.0590016208256942,0.0647376649544397,0.580402538110542,2.61416780950184,2,0.528455716740606
Neutral,32.3430798801992,40.8165914874614,0.145327201578592,0.00239724470938891,0.0760180777230726,2.6320022770183,1,0.937018187630928
Surprise,34.3942250377117,44.3891806206772,0.401977845844178,0.0431608798872942,0.0218413931516392,5.80475463463749,4,-0.571315533248032
Fear,28.9905433839408,40.790203407739,0.786009821895324,0.158567220066296,0.0672207722533041,7.19153912790438,5,-0.334529100266652
Happy,38.9418316322507,46.0672449558352,0.14616441542042,0.774381143109127,0.108395550434358,3.50169083127672,3,-0.579551801178223
Happy,32.2614683801848,47.3260912006993,0.218467416750771,0.898487963605016,0.0127675804495833,3.77238587068211,1,0.305399805847033
Angry,33.2813992614147,43.1941710568601,0.0780909548317109,0.0435324413753854,0.588035866060763,4.07342939075874,5,0.433244651914141
Neutral,27.2640635250583,44.5082177505202,0.136762205310758,0.00132902369548622,0.020383687609761,2.54892716330782,1,-0.392301369385217
Fear,38.3173271716712,40.9254792299707,0.771216419013248,0.00225722251311289,0.235999853672073,5.80670640625101,6,0.357682460127663
Happy,40.3416117289778,42.6027790555665,0.170826636479623,0.999662471664948,0.0337496917473214,3.30290728354992,1,0.845581262136757
Neutral,34.6415976923238,46.1089365429573,0.187532376123721,0.0316543182725064,0.0979416999797173,2.25551526769353,0,0.751457902154863
Neutral,33.8992990667196,40.2933075027086,0.0264729170534358,0.0469779181138202,0.0207471711583094,2.35307280182651,1,-0.153700670529023
Sad,21.5026562153413,43.5332133892502,0.0705278802509847,0.0460711762057274,0.903691203064077,1.95705733822305,1,-0.62859825050739
Fear,26.628213433629,41.747414258456,0.550433940323547,0.0371365379398509,0.257757029243295,5.99112719019633,3,0.816825315893426
Surprise,34.1228599908737,49.3500368917135,0.595470500201411,0.271811425237938,0.091266474012164,5.86008951269505,2,-1.30296097191335
Sad,20.8572826252373,48.1370127547526,0.0651395872722243,0.143268165706155,0.991389590398871,2.16103492425507,0,-0.661167724041187
Surprise,31.0215729488889,47.2776495701339,0.771423341175686,0.273088285202106,0.00558971156741042,4.47551197183625,2,-0.284109653981398
Happy,39.6801106106518,46.9120296955621,0.0912669354319446,0.772460529732405,0.0105787145098158,4.68105524148683,2,-0.0156334338507828
Sad,21.4879320324763,46.2821410840949,0.0193717232666977,0.138997869369807,0.794549527511323,1.30838974870877,1,0.582577763308464
Angry,34.8158476726348,43.5125154948283,0.160311519934214,0.0018133871473013,0.491147016063377,6.17443039256647,3,0.520333501312589
Neutral,25.8729107662006,48.4705721831989,0.107487037324111,0.0989988093846335,0.0936117882656236,2.69497108860907,1,-0.684784483266831
Fear,30.2328031543825,42.3595663512148,0.751285008070023,0.137127995837557,0.0450124244151712,6.20503797971108,3,-0.154479815147662
Neutral,28.9465360011212,44.2837260564527,0.103014444093801,0.0851990971453014,0.0793043578074531,2.84534800323992,0,-0.47732611783949
Fear,32.7866571004761,42.7646775740858,0.581006302883098,0.181344958917876,0.0132534123171242,7.80736434211287,4,0.165815686852716
Angry,29.4258672378922,47.0635214892809,0.375703313780079,0.0428228229513493,0.539845816943169,4.89146344163207,3,0.155976222631564
Happy,44.138975726274,48.1844844004855,0.1260455841376,0.773924320903722,0.038223828078278,3.4244283636402,1,-0.242008445331427
Happy,38.0938606698135,43.8359737336851,0.0224519242964305,0.635896935155245,0.0986149325764433,4.95383950483925,2,-0.928570832320493
Happy,41.5856485731478,47.0213673582292,0.150931638288165,0.991692203372738,0.164227983092477,3.81840327871666,3,0.307821106637903
Fear,25.6008872664192,42.3122100846252,0.873084775303462,0.106936918524818,0.0692054997857562,5.63911068245775,6,0.0949879805857708
Neutral,27.3683646831548,40.0824284104522,0.0326701539414195,0.064386070521054,0.0355253597411174,2.43121628318678,1,0.18556405867712
Surprise,35.6164305825252,44.911145399992,0.373613578389421,0.0218735523139868,0.00299168052857559,4.77566858644296,3,-0.458933664425631
Angry,33.9056059140315,44.9729639218593,0.22092134768734,0.0641107166786456,0.675178263180107,5.36946065774635,5,-0.197970378278693
Neutral,32.3637043516987,46.8658115936147,0.0781326915200091,0.0767988738043011,0.0780521929240448,2.87428911115982,0,0.130810411987332
Neutral,31.0925634395509,44.7529591341417,0.152267166125226,0.0848918979212342,0.0782013771445575,2.20405104272602,0,0.609853072742299
Happy,40.1198374091526,45.197968175004,0.157409399711426,0.929180822147265,0.137510596589092,3.43894634736925,3,0.310567485274123
Neutral,32.0666921567105,49.156349950497,0.045842051119784,0.0450456752268349,0.0483758969996387,2.34148943229104,1,0.543303189117297
Neutral,26.5153887996116,45.7396504931751,0.0867304202310064,0.0266660808075315,0.0232875017651658,2.4862327177706,1,-0.00659691151792405
Sad,24.2095909094098,49.5406239886361,0.0349706331243308,0.198734635261587,0.690725280518194,2.73210536269105,0,0.358340869794577
Neutral,33.5185015384404,42.5816162529243,0.198119776226866,0.00255124523414692,0.053142790421702,2.19312908869095,0,-0.201339825874078
Surprise,29.683074631147,48.4547567301166,0.73053609165888,0.069766986714669,0.0463985273384444,4.76239852499302,2,-0.249681222539832
Surprise,25.9918483408426,45.2344251445138,0.65485362992997,0.288545715563425,0.0692075298795335,5.33522331677977,2,-0.296688335011771
Fear,39.7849050397814,42.864319828068,0.70688262249748,0.155234826728541,0.122581842770201,6.08144570932957,3,-0.179965082060152
Angry,31.7441182501725,42.8308615988854,0.0523623587836588,0.0289479469877686,0.818234717733797,6.87203742957378,4,-0.355488415540926
Sad,29.2988324077953,48.4243108190151,0.0261275917388092,0.0966063828026558,0.93551110825468,2.40714490993704,0,0.0844250380026995
Sad,27.7398992032291,41.4275790557299,0.0934396956382928,0.087782454492123,0.546641158593705,1.77660721040421,0,0.496006846441235
Fear,30.4609818768155,43.4911017931142,0.532297919210235,0.199301206640589,0.111946659870701,6.07997890561192,5,0.349321647153334
Surprise,26.4555558630294,49.7174656747048,0.807506034738824,0.227521156842784,0.0900491941452685,5.08364682217088,2,0.266032643009112
Fear,31.7149274508125,42.0143212938848,0.842533786222587,0.0632099955729879,0.204079712495064,5.49486345046093,5,0.13327379013973
Happy,39.3501982848018,42.2584644040469,0.0820249377578112,0.7838414496548,0.167558154476956,4.02613929391395,2,0.469449304657095
Happy,42.9966727235564,41.4130371290756,0.257769753177766,0.876498386318887,0.16380131805209,4.5669097477784,2,0.60259826279734
Happy,31.6468261410595,44.2009464781949,0.0156690948004144,0.605171975091255,0.172766466657885,4.65074620756505,2,0.214342353643256
Fear,39.1515590725428,40.6679871856107,0.570162450381571,0.139164354240558,0.0188744857114684,5.97489951489619,6,0.142558130605053
Sad,20.1744045829526,41.9443817721068,0.0318725262644131,0.0684117195356989,0.632099321205587,1.29437844065257,2,0.583405546929474
Fear,32.7351716640731,42.1006307723134,0.774534703895359,0.0603725650162112,0.207080627546058,7.49364732013777,4,0.226228847740163
Happy,44.657526515637,44.4109530624293,0.0599643944686878,0.929169299703684,0.0447971086920044,4.84934998048694,3,0.35141034338976
Neutral,26.8877189132683,47.7970448550258,0.133123681693164,0.0430686162953212,0.0253019622471065,2.41148315593062,1,0.572795655542269
Fear,32.4591732573942,44.8130623185704,0.778445598324591,0.0429985776675245,0.168486018534752,5.71456853238304,4,-0.182430310662722
Fear,39.2998525066251,47.3522008019608,0.334068019504145,0.108543709658469,0.0613915348559042,7.28479438738181,6,0.184234059746158
Fear,38.6726867221256,46.2484716243552,0.881420245711266,0.0737890207823812,0.0426848746182398,5.93640084197828,6,0.398210108906749
Surprise,38.5350801861307,44.550574187864,0.505638803758776,0.198658572355768,0.034470496546706,5.95837883170585,3,0.204977738856261
Fear,36.7109686266635,40.5884626454968,0.860353929700113,0.0183678561685012,0.118167929931922,6.90055430870054,6,0.309974478641181
Happy,41.9244808592991,49.7750848190814,0.237627312578883,0.716808589781293,0.138168628908775,4.07921370646321,2,-0.265088086663917
Surprise,31.2832045513009,47.719453637976,0.567240556250662,0.0956938587718349,0.089687387916689,4.29518647760369,3,0.308539178406701
Surprise,33.5470929243707,47.7102705062145,0.306887263618782,0.00288641784829915,0.0138458512767241,5.00904718796173,4,0.0172191115325055
Sad,25.3948324776881,44.2950488391192,0.0456457169412606,0.174406533304612,0.908141919569786,1.92550637356431,1,-0.772730230494309
Neutral,31.099974677711,45.91209188058,0.188721048100747,0.0839973793065631,0.0433126118634461,2.53371174844352,0,-0.556698506419839
Surprise,29.1938564487327,48.7484298629179,0.627123865192846,0.132118496833444,0.0350403816878622,4.17417706144479,4,0.302016168118094
Neutral,29.5656468294381,47.7234245051736,0.132965266595282,0.0555764155086989,0.0867789352831072,2.57946272598985,0,-0.155482854741678
Happy,36.8998353742349,48.9770339951774,0.0841286116702029,0.70337774701486,0.0942695133549761,4.89810052234474,3,-0.242030120959518
Angry,26.8546702608815,45.6320849157088,0.356353114848498,0.021773293233577,0.90002291554387,5.02267782707362,3,0.263019845566023
Happy,37.7746184595051,47.9669832631894,0.0774400668661367,0.788809898428663,0.00195450042502665,3.75418272461393,3,0.190182343154483
Happy,37.9929291723945,45.4606361420997,0.182926473816984,0.759722765412813,0.119977122789345,3.23806860503231,3,-0.170447639348509
Surprise,29.3479587189198,47.7866655689556,0.722090970768137,0.195582628680481,0.0941460284042229,5.3221416204698,3,-0.946756613524089
Angry,26.7991273357008,49.0904853908453,0.380423031453027,0.00457506017536651,0.425500763182104,4.11409469723584,3,0.0934420403830882
Angry,25.4400063400915,43.2884383759486,0.241818751264816,0.0749506445034638,0.994523677657145,6.03303349000926,5,0.74597345714005
Surprise,39.1561134717227,46.267240991084,0.388217176440186,0.240564259390632,0.0132975259791362,5.73665829500422,3,0.934820124176877
Fear,38.4458535461138,43.1823725580719,0.843655276090125,0.125852258949573,0.295453702088871,6.9304193202777,6,-0.690083107083727
Angry,27.3956281452751,41.660108924474,0.292307324848676,0.00877749111077395,0.804200983130551,5.97986319266476,4,0.657295408552871
Angry,28.6875006147537,48.8908825849383,0.266273876710095,0.036578257376716,0.606225930170001,6.56544902291585,4,-0.705408982570906
Sad,20.4959553661366,47.3841920275975,0.0989986177252345,0.0869961252444739,0.928601620246941,2.42662718682843,0,0.358849941592791
Happy,47.9875402860546,42.4888092960046,0.254661052424815,0.927948690255014,0.0807423988348462,4.21532833841509,2,-0.45846142276781
Happy,44.3957680904917,47.9730505376401,0.11179618676666,0.97936934821815,0.0531831097386845,3.19990993410416,1,0.137047682886936
Surprise,39.7787497461764,47.4829829173225,0.322647201995457,0.124624114902851,0.0515028849935737,5.32799658360608,4,0.687954176813251
Surprise,30.8627924057999,41.601722411992,0.671628023109494,0.221909682633474,0.0894277195428811,4.71322360531993,2,-0.892187238819373
Fear,29.6844378424616,44.8032052374278,0.841671910465732,0.143224970968682,0.191643795475369,7.28189211973653,6,-0.0748790431553148
Angry,38.3376252607499,44.942416536948,0.149313679238036,0.0965604185204816,0.77567590586465,5.36616333688139,4,-1.2208184648083
Sad,28.7919673384687,46.5306871126851,0.0549324765562005,0.134370592518731,0.703431583532345,2.19037358724885,0,-0.552642825068495
Sad,24.6720876608424,49.808879756026,0.0727502308433626,0.00768567704930956,0.75194302850458,2.39611697853315,2,-0.949700484662134
Neutral,25.4060071693634,41.2506374491826,0.117429739106596,0.0656368397845639,0.0252593317096352,2.55573335166358,0,-0.427990589733437
Happy,42.9091621577517,49.9956173181448,0.280184572500637,0.790225036082504,0.0249335254797496,4.85308902953235,1,0.502072817724215
Fear,30.0310198947052,44.7821979432338,0.711440006216403,0.0702177972181021,0.193618406820025,7.65305040470824,4,-0.444698674371481
Fear,32.9013620958184,47.6267490143373,0.690157946109285,0.141284451773244,0.0916762901059706,6.94855055873798,4,0.60707161032783
Happy,37.4635252439888,42.3094425433551,0.173433713760393,0.548264636162705,0.0889551718453001,4.82921272263282,2,0.0515192187688933
Sad,29.6117811134767,46.35603034423,0.0787774260935029,0.142737057934839,0.67690431832161,1.559835247011,0,-0.417659043835834
Angry,30.9698045135604,42.8489338827592,0.363214324543968,0.0744579874008816,0.658646383210802,6.68585775247727,4,-0.144173800378103
Angry,29.6773479926324,41.54036481208,0.108385834337529,0.0148283824152233,0.88262668381279,5.55211778275456,3,-0.421021050738845
Angry,33.1784235253903,49.4018233298095,0.018436426932707,0.0191136974287062,0.691644510725763,4.06274064248786,4,-0.548163738148981
Fear,37.7971501444008,48.6147696792587,0.485748043504179,0.179463935670336,0.0529887621712853,6.28459854052116,6,0.145323122964594
Angry,32.8679297972612,41.2846990438227,0.0309764503866489,0.00945933160646258,0.74391088982108,5.94162018607505,5,0.455790466066056
Neutral,25.1814331183493,44.5072388070298,0.0924316045006714,0.0531062784952172,0.0401028077516253,2.24469234070607,0,0.476634988090684
Angry,32.9099903982458,48.9583059716167,0.0526803865729423,0.0461634811150846,0.728249556701429,6.41740801051183,3,0.788510106628086
Surprise,25.1120603361654,44.4031897506462,0.39200450105732,0.263436601128901,0.0095111124662894,4.79500476215894,4,0.44558985543217
Surprise,32.3710512810423,43.7822877073241,0.649151254551593,0.281130131360459,0.0748437626564985,5.15964369447757,2,0.284701431265217
Angry,28.9566728836626,47.3759558571945,0.256362456801052,0.0357586038176464,0.557725580371045,4.77531610202239,2,-0.0301253498259334
Surprise,32.7211190467695,40.7765500558642,0.54856311736813,0.212011785379538,0.0747857963888725,5.76836573043993,3,-0.303303887593187
Angry,39.6330964841793,44.2642688829585,0.343373803853632,0.0238188229133688,0.885848145589252,5.90428862275513,2,0.481571749848727
Happy,46.7037980121287,41.0241080258434,0.089115423782195,0.893717702169748,0.094107831091211,3.03026171455079,1,1.43127888761188
Sad,29.5821041472493,47.4077888656091,0.00508874588129745,0.162520539632305,0.611707271236379,1.40764422501712,2,-0.19748552585404
Sad,26.6456878749398,48.0193688870721,0.0920443798127093,0.121634494427572,0.516964928874218,1.31142072721816,2,0.82817861284929
Sad,29.0647177607786,45.3359764309813,0.0355443735838794,0.0747965080752879,0.580113974296731,2.91443385651506,1,0.654203231794415
Neutral,25.8140345348042,40.0252362568071,0.0827519113825421,0.0739570215690607,0.0698296596615208,2.20653720005314,1,0.443343604372433
Surprise,36.6457972556013,40.6961458417366,0.701140990283394,0.136944974854211,0.0669173440704127,4.61140600932733,3,0.985604811725983
Fear,36.5998907103186,41.0026738966648,0.311740342060486,0.117921398253552,0.126411049339106,7.94579660339602,5,0.269040477116249
Fear,32.4450826545343,42.353647184855,0.41406342805684,0.0585246030622459,0.0730723863825617,5.34368843527221,4,0.205663071469686
Sad,27.926416815147,41.6756923550704,0.00929447705141367,0.0461518067239713,0.712598448478572,2.87540019890636,2,0.351574160928688
Neutral,26.2759717482885,43.6483201645496,0.0685120481736459,0.08482701862158,0.0936912914055769,2.56703464506844,0,-0.0940561415429582
Angry,26.273948880874,48.0895294529488,0.238237958003889,0.00224098040344776,0.520858296094355,4.98005180485127,3,-0.182492649629568
Surprise,30.8830587639777,48.8111955429033,0.738625375272628,0.0830321003336297,0.0286037166861068,4.32666745670043,3,0.398456285693589
Surprise,35.6621873264532,41.013485396944,0.609518492184794,0.0397512940104713,0.0195935594012415,4.62025639832221,4,1.05825174450601
Surprise,34.4685347525321,48.9606777784166,0.856725387041976,0.153408124888773,0.0281189250463258,5.10576618548978,3,-0.0538967775722769
Angry,25.2714151708643,47.1398174464219,0.382722436610665,0.0330464852465173,0.70486777497443,5.4684395961621,4,0.289294071867838
Fear,27.1578824414601,44.2085726574685,0.650467129522396,0.18150683231328,0.243383480038293,5.81270947931025,6,0.406946727437738
Sad,21.2043293785765,44.6319237929433,0.0872480579804423,0.00361836900471064,0.542245890697292,2.15977062705747,2,0.250976919677428
Surprise,31.4904490539243,46.7412238840334,0.620790890451226,0.190145480807516,0.00046717011116818,4.99388949590355,3,-0.29282485491186
Surprise,34.9331624298557,49.3633747741467,0.72402051444421,0.245165491005415,0.0105138198844254,4.28561638988828,2,0.170403533871176
Angry,33.0151329711209,44.1942639185761,0.147156259292638,0.0177156590199588,0.776902011801884,4.92779513636579,5,-0.178727812525479
Sad,24.5392004439561,47.7306889804981,0.0678483252230034,0.164879328297739,0.599417333450268,2.6359845638514,0,0.384590816908321
Surprise,29.5266633736622,41.6667865986113,0.48332909387112,0.150933575889966,0.0103302164821476,5.10169543431945,2,0.0460874021758276
Neutral,27.0700929283377,40.8040673920873,0.0579789953510213,0.064434489948821,0.0594877533430956,2.89452146625135,0,-0.150598790086441
Happy,44.6766361823249,47.9452877971096,0.264400644311319,0.667744358452989,0.000225726915262436,3.44066060387579,3,-0.0559949705390547
Angry,29.6034677045416,43.5197429890718,0.391886828471175,0.0314662536574525,0.427450071903227,4.57235847944144,5,0.321826039778744
Fear,33.366176659252,49.207993923092,0.586173666967701,0.0283152859822648,0.232623785071544,7.83353115698163,6,-0.193861823974081
Surprise,34.2451080734719,49.6680976459637,0.640229765713198,0.145778741617169,0.0372276628805661,5.32305696068937,2,-0.0711120330794755
Sad,24.694742915709,40.0459683954796,0.0155502788298593,0.0764696797775973,0.588360462963941,2.64856736101325,2,-0.538665011136341
Happy,35.8487565313016,46.8353939146127,0.150658752144009,0.602037327316867,0.0581077900119513,3.84590575860333,1,0.128766591875347
Fear,30.1472977450505,40.9268061518345,0.464775417685042,0.164696255022164,0.119510538562666,7.70036737243898,4,0.408817075115166
Surprise,38.7122566905754,47.4926877954111,0.461476700894413,0.287442080823252,0.0786529588474449,4.59302464431074,3,-0.169389641467293
Neutral,30.7842940867457,45.2266113432397,0.0826350774837717,0.0761044468797261,0.0891303090960013,2.88832481231873,1,-0.598476408677342
Sad,27.5299467125775,49.535535487483,0.0631303365691843,0.156327608375975,0.786386934672459,1.03115250137367,1,0.330246252697913
Neutral,32.7740470199788,41.115028821604,0.0472743702065537,0.065561776662625,0.0611650352865365,2.27063968243123,0,-0.735985770254156
Angry,33.8838300001835,48.8606480854181,0.18480611969301,0.0421658377233492,0.945484893294506,5.14629106352354,2,-0.490649922577897
Neutral,33.6572315115627,43.5075729810281,0.114136750640349,0.0874111542108186,0.0251716989098987,2.4503533877607,0,0.782980427907209
Angry,27.7445373882228,44.714417194446,0.170669025400013,0.0773438807158177,0.76402267555926,6.7328348234994,4,-0.567800425746878
Surprise,36.2939081124117,41.1350007458921,0.557730823195335,0.0629721788992216,0.0421982719637186,4.81156478441232,2,0.248244247042298
Angry,30.9811286768848,49.5662371527867,0.199963284217301,0.0541644573152733,0.493548335774681,6.77978932307977,2,-0.821507800171572
Happy,45.9117051607574,41.9175183977014,0.19345002539399,0.507267378580919,0.0951536543614765,4.97842000462789,2,0.173272931280115
Angry,26.3439850900828,47.9062061414326,0.113803044109057,0.00746647958490728,0.672387638721158,5.54185007142726,5,0.772984305826848
Surprise,36.0364690990671,40.9581311376761,0.395784733719359,0.0981665426982409,0.0662250693796974,4.4589793707336,2,-0.558046841077822
Happy,40.4882647230768,49.9847442020397,0.11503524740928,0.847748906206916,0.133367383340518,4.2062971123094,2,-0.0116967555965391
Sad,24.7571240316695,48.3387288457809,0.0893931108876204,0.0327237525941807,0.662018280824986,1.19631949432804,2,-0.788392938311613
Fear,36.158815012995,43.5661343605984,0.707451163010169,0.00782485255459795,0.108865902006767,5.59308935025152,3,-1.05393433174466
Surprise,32.4808183103398,48.4249413655064,0.449513726612349,0.161169228068293,0.098557454318314,4.66106611511749,2,0.0383734747627865
Neutral,32.394813615035,47.7005979917739,0.0815925053878738,0.0917781105001741,0.00538419353978177,2.92828699217654,1,0.32863821496841
Surprise,30.649217435227,44.1606755334147,0.486304422625635,0.19982748168387,0.0940919823685173,4.09141135506664,2,-0.150577898487789
Sad,29.3722385287451,46.587586207944,0.0859955606772272,0.00437004306045501,0.544424350819024,1.37330025451024,2,0.949721746048064
Angry,30.9491714798055,40.6597023879671,0.0788942576829085,0.0777821390488169,0.428837577419928,4.18104626978884,2,0.680937844743142
Surprise,37.7737643362679,44.2507647920125,0.451006766773083,0.0734908885756145,0.0326978828268709,4.03570922135741,3,-0.0704001704636809
Surprise,28.7810211847123,47.1702689298559,0.388753124365065,0.0680608209672653,0.0431043514219973,5.27976661183868,4,0.78505323294363
Surprise,29.2408268012607,47.296912534283,0.789941831255472,0.22903959406663,0.064351387081018,5.78739245264514,4,1.18326724277044
Angry,27.1326076069586,45.2417499158323,0.148176107250071,0.0432453364239402,0.480344247487882,4.32210864497051,3,0.305764916642546
Sad,22.7056945688598,45.8274653799224,0.0927583239709432,0.0646790045060823,0.73787401493085,2.53901591016439,2,0.192388350987431
Happy,31.9950447527772,49.726212769469,0.140533355655884,0.649786133242189,0.142837441630335,4.82120856454043,3,-0.471969742512235
Fear,35.3088966957366,43.6090141682915,0.837248413852373,0.093145130503662,0.159320343291845,6.67431652247912,5,-0.569868172231441
Angry,36.8539889144894,45.0935931704987,0.178641843932151,0.0646567141957326,0.494231241881183,5.22524555171113,4,0.887612559370075
Fear,29.5948078177015,43.8006434149918,0.800067821509492,0.159061212004842,0.14980888525317,6.55170159171425,3,0.474031235415619
Sad,29.0042532773658,49.496391774877,0.00557453866819447,0.155791815207723,0.960984816919902,2.12061210119449,2,-0.102918826234827
Happy,39.872915203016,40.4279109128829,0.0747273564251672,0.633777631913247,0.13886938954021,3.82982785386182,3,0.485314641135836
Happy,37.4788354577082,45.9923218918555,0.0257630204560653,0.780885932544729,0.0125752576786833,3.03883747556827,1,0.170631783963686
Happy,43.0092493559702,45.1115784210192,0.0692126298322345,0.582394780793461,0.12593507719431,4.76640556257587,3,0.197042564153642
Sad,20.0677029863501,41.144949285151,0.0278502766780597,0.129674129602196,0.595614711319768,2.46035819876766,1,0.385775753877959
Angry,30.9523681993487,48.4379054299625,0.109331742337078,0.0351304795840021,0.812001643971714,4.68048098111515,2,0.458777324287195
Fear,34.9278584049158,44.1454560419728,0.726136193071861,0.147220076732147,0.121504113204987,6.67183521161265,4,0.132816978810863
Surprise,27.5216707545868,49.1310553482191,0.774386775623074,0.166955940887744,0.0814967275321592,5.88335391247994,2,0.275623421332644
Angry,29.9097746816741,47.4906494536459,0.0529972172660787,0.0398315708852502,0.546748207428541,5.41852479335184,5,0.412209844545557
Surprise,25.4376927270088,49.572302943494,0.355900656278711,0.2078893028109,0.0252806379566661,4.08590023350877,2,0.632925618036519
Happy,33.6603318676633,48.0547953037945,0.073082594649479,0.760516318649118,0.0350884520373199,3.14829484476482,3,-0.142361260702854
Fear,34.9182326425526,46.612303705423,0.307114215903482,0.13370635288758,0.0672133371566694,5.53818295427911,5,0.211492719137518
Surprise,30.1817181646302,46.8607787942682,0.404146010394517,0.227429299262364,0.0190295859366797,5.62672658325809,4,0.00822823777812925
Neutral,32.5284641371538,48.5858090995161,0.17442046640308,0.0879117099758134,0.0334425013471305,2.86609435436561,0,0.674541039103858
Neutral,27.0108910716537,42.1914840321415,0.0273600273924547,0.0855247441527046,0.0556594090931656,2.43752453471747,0,-0.539988681392512
Neutral,34.8523832528765,41.0946146163796,0.0723834670880779,0.0422711529512519,0.0647647897056192,2.95198575508092,0,0.514523870319876
Angry,37.329297060429,46.3054285833121,0.383509303124239,0.0255823545211449,0.631443864637807,4.37602294739641,5,0.312058711899907
Angry,30.2817281613529,47.7240691181416,0.305888034145975,0.0724968372509932,0.645105806488884,6.47707387442209,2,-0.489015360559603
Surprise,32.4167680670713,43.702782328417,0.633506771955352,0.0618841157521485,0.00619240359137253,5.03464596997283,4,0.552796041189101
Fear,29.3062068794899,46.4037271071948,0.896231032180946,0.179770577035874,0.0499728161673974,5.85448124598638,5,-0.0623233245634207
Angry,31.5368188712652,41.4051350275343,0.219406081904349,0.0200968418526929,0.440783473319672,6.9317937002151,4,-0.183741467329708
Sad,28.8092559673562,45.5617814215635,0.0362769292571292,0.129079608705416,0.65199017663113,1.93762409811401,1,-0.688958447210828
Angry,32.2365158997364,41.7121427003245,0.130417444096929,0.036488395909481,0.62040144552256,5.4570548126306,3,-0.930381019570882
Sad,26.1063188209055,44.5319894643974,0.0367657184293683,0.0615823568404144,0.812519347591801,1.24919920055258,2,-0.448071444434928
Surprise,31.006925938018,45.5804923104486,0.615128330662142,0.29816269496265,0.0862127274936991,5.47951065197265,2,0.100568523430488
Neutral,26.7687386206678,41.3915566767163,0.0515596028596812,0.00653557532253559,0.0795656104254943,2.64710299345138,1,0.0479715838049157
Angry,37.1292506998433,46.8544786978412,0.386304111801093,0.0985326271671073,0.864925334053383,6.19082779130991,2,0.0191070645523244
Fear,29.6827342970232,41.6039598448538,0.582893021367072,0.13514827142567,0.0928132926702504,6.90148985933615,3,-1.32135198292103
Neutral,30.6756876340032,41.644276326795,0.0288230019346691,0.00920003377643401,0.0214222632185646,2.46041836469647,0,-0.904936628687193
Neutral,33.3446354133666,46.5081865970854,0.0599291450012253,0.0137205369957167,0.00723852706610693,2.11343771035285,1,-0.458174002483121
Surprise,35.081396501248,46.1743717446519,0.823142681075322,0.0491720578550428,0.0225678519530842,5.33145595033765,4,0.772867515675923
Neutral,31.8268071726531,45.8385819509381,0.0428076594750803,0.0929194303312498,0.0200532007468911,2.94603897401737,0,0.665673607807885
Neutral,33.3192398932391,41.0207189391987,0.166859049701016,0.0442145843885349,0.0487516360599083,2.23405882795279,1,1.11597711800618
Happy,32.7234706026242,47.5204306860907,0.287852575023823,0.886688668778281,0.0105395143945637,3.77362003516343,1,-0.659739793550032
Happy,31.0888840749422,47.6117537648605,0.233392505307886,0.53599048801788,0.193956211150475,3.64173300966235,2,0.261787025405771
Sad,20.3264657825603,43.8944370431784,0.029679392441567,0.129952632075836,0.745548006565193,2.93702191124033,2,0.598650225521899
Fear,31.0174507807478,42.9786157417389,0.893896375963551,0.146327038496266,0.223505405408012,5.11004664231209,5,0.0405560833801646
Fear,38.453135899207,43.4180728373929,0.837511727068604,0.0993362704551857,0.0540981107026373,5.38358492439847,5,0.280161645699562
Happy,39.4452257857622,49.1170148052305,0.197407417994736,0.562137544320955,0.0157214976590162,3.94687687364506,1,0.688041960606341
Sad,28.5353704387728,49.6225609509691,0.054908824455732,0.112406463249681,0.558542097830232,2.07597025947413,2,-0.123233412644448
Neutral,33.2828715839032,49.8118282027994,0.000605837986802382,0.0648257199635525,0.0911777495059341,2.00694411962354,0,0.479771286739637
Happy,46.050098181958,45.3053530052204,0.196912946964581,0.601256885195221,0.0152644932608881,4.44500388855795,1,-0.0766127765379609
Angry,36.758109189108,46.3570314463074,0.0505154197548088,0.0669266776952459,0.692730998673559,6.94813699212962,4,-0.411022486597989
Neutral,33.5525301677987,43.5558384203636,0.170362785423934,0.0131262978515177,0.0321175274543955,2.22407497332864,0,-0.231227041745328
Angry,36.0554742514287,46.4367958485279,0.0751418071669085,0.0684605203366207,0.658434242088381,6.29306318701821,3,0.59690457580393
Angry,27.0028983428491,44.0022019245558,0.160190499369738,0.00496467146049966,0.741167256232055,4.45850639883759,2,-0.346286652841983
Happy,48.4033472272721,48.0876279976014,0.230933790504846,0.78572926451571,0.190481378139861,3.38761549062444,1,-0.0799551553601104
Neutral,31.0947915542144,43.4114969421668,0.091607643832224,0.0888866892570624,0.0352836153540679,2.37300668394696,0,1.12527127706261
Angry,27.7353023285821,45.9353776955913,0.100210948296453,0.0820461797347474,0.569924061801659,4.99762506646556,2,0.37240094441735
Neutral,32.8848841496765,48.3129280622706,0.0019282624609724,0.0400714806296183,0.078227932502108,2.8891147705491,0,-0.174797558697943
Sad,26.6190293875798,42.4931007976361,0.0283700329624778,0.119710876398984,0.683275187223968,2.096411676234,0,0.361653503642548
Neutral,27.7579865484936,43.9099927062143,0.078203420381421,0.0731107627968165,0.0107967092614407,2.08704458702411,0,-0.622940839093564
Happy,41.4785914738255,48.6635601124187,0.17141615264014,0.553802322410953,0.0676036484292041,3.12146342517082,2,-0.0668830194783803
Sad,25.8662048102902,43.8873156485453,0.07188077893131,0.0668649910196842,0.820610433636549,1.3110288181015,1,0.141219580172054
Surprise,36.0537801184034,46.2302012898457,0.566826541449655,0.213014249221542,0.0762270450379915,5.3767623836592,3,-0.672515782665919
Fear,34.4563374483541,43.2933800899953,0.752474896010388,0.0314028811190768,0.00304595580348322,5.79981748508131,5,0.306844487163948
Happy,33.8341297560186,43.0089166926393,0.185726595673994,0.990998248126376,0.00968314209682282,3.57456198352546,3,-0.317515550012294
Angry,28.4458005482232,48.6965070618823,0.169823463990436,0.0539150277487503,0.627935574343492,4.30239787192894,5,-0.455415455136021
Happy,38.4389957138507,44.1177314789268,0.00736285166244983,0.885288949844129,0.165642176449807,3.75217346972076,1,-0.105301100472777
Angry,29.2685603146711,47.6948573313063,0.390288692694795,0.0630231349006592,0.812259091468449,4.57064190122221,3,0.126379018696116
Neutral,34.539078063641,45.4206277764077,0.15495192495915,0.076655853232016,0.0837950420335747,2.8438590541228,1,-0.267148225825014
Sad,20.2152393888948,46.7079587685694,0.0097004287981167,0.153673315089211,0.978589419113122,1.87891651366288,1,-0.628005592884759
Sad,25.7748345928601,49.491314446369,0.00118923219391524,0.129252772307648,0.697431657498383,2.73658254057334,2,-0.165028882424496
Fear,38.2210197984759,40.5084098673825,0.843208856721961,0.196910669054017,0.269731798082198,6.8007532043353,6,-0.935193114054921
Surprise,26.4937281932164,42.1519264210552,0.617341534523332,0.0220139676629137,0.0298826304382477,4.70924828924718,2,-0.04364976802128
Fear,34.2842532863717,45.6815085855536,0.787701467387698,0.153946278852654,0.0346418369618748,5.56105953040322,4,0.486415043467117
Fear,27.5542834796546,40.0253024965678,0.5473486778066,0.0137555514331482,0.249460820668456,5.89565374434634,3,0.632999156121447
Sad,27.617744483339,44.434223151613,0.0921056918518687,0.138845971823167,0.755804010801659,1.84077660341986,0,-0.23073309941394
Sad,22.877063827119,44.4954525816836,0.026470773463298,0.0720823210422772,0.879773800226901,1.94547006288366,1,-0.388950940534725
Surprise,38.2174076270393,42.3515225622608,0.669931167900215,0.0625942710132064,0.0411378647762744,5.62457394914388,4,-0.557321352760046
Sad,29.7551818996637,48.6371713860575,0.0705250343158976,0.153308433780933,0.675038592100007,1.68565912150158,1,-0.0672460037327181
Angry,28.4869018746836,49.8958801007687,0.0045624377771508,0.0989233964093612,0.76292750582226,4.87842317122805,2,-0.683901804281881
Happy,47.3007743886559,41.9953153852955,0.29033501197573,0.581261753745722,0.156628034677958,4.46501402865275,2,-0.414756258939438
Happy,31.0589787272016,43.8507300079426,0.0773875378339582,0.71741015413163,0.0520580833788431,4.00144665002764,3,0.191924848307232
Fear,26.3524568800367,49.3078862299105,0.475724070063651,0.0129383758648321,0.233379588960237,5.94219085125628,5,-0.163063342421159
Surprise,26.9430702516385,49.8374485565906,0.833930884230611,0.266174242640245,0.0512902992372052,5.31704611587172,3,0.0813548736083263
Fear,26.457643742757,46.6526521894037,0.516056113079226,0.0124049672158831,0.13564207074316,6.9099847442271,3,-0.145221420150717
Happy,34.5884379160175,41.6579688248239,0.263245050261529,0.87980429820205,0.0994227126378487,4.79707733408197,2,0.557582553566381
Neutral,28.445077746804,46.4670769346076,0.195286859682666,0.00900774481675339,0.0390087068847177,2.20839338976905,1,0.856033047092583
Sad,23.346362154147,48.418336279522,0.00872193240220234,0.00732522598621184,0.752939729859997,2.21852172360834,1,0.064733790341174
Happy,41.0294001035522,44.8680143805828,0.294261946845564,0.511419793195609,0.186115329415042,3.13883957275627,3,-0.609683151932314
Surprise,39.2416015437188,47.0410329284091,0.499400352703161,0.0781653843373624,0.0258429282641832,4.65326597057013,3,0.5099557535862
Happy,37.0274626019672,47.7627308508772,0.150940939193952,0.774031724918922,0.112896506941306,3.50306620533544,2,0.821124779486209
Surprise,25.8041214515779,41.9030014452843,0.451253400325716,0.133664844323345,0.0430190993331979,4.01748796121451,4,-0.499871188636588
Angry,32.7844565596549,42.7689902847334,0.0283882528163516,0.0751644775374109,0.729556319065098,4.33537346297495,5,1.01128306085735
Fear,37.9565408955481,41.8173080693687,0.525066927590304,0.187568604926595,0.186460793158674,5.773212620344,3,0.735851503911126
Sad,29.2397915798215,43.4015219830579,0.0285965536971621,0.0720101698582253,0.627840548638843,2.41955610693599,1,-0.331107441763003
Neutral,26.6344478475721,48.5789333037066,0.0998932262137263,0.00343287859146662,0.0346353773502689,2.81254938042301,1,0.259739579426676
Sad,25.2039059238224,41.1561236421991,0.0670634834291279,0.191404640831282,0.589700795350227,2.0690545910435,2,0.0169868489095631
Neutral,26.1451212139539,43.8646734021909,0.182090460182781,0.0584005678900472,0.0175184218771678,2.17844602881819,0,0.528145159362414
Happy,41.3293719198646,47.1713201583005,0.295674936493426,0.750842166385583,0.0991965848855499,4.73166347980327,1,-0.880410166841963
Fear,27.7242434931116,47.2243239624778,0.666041320901658,0.0197219614446917,0.0504033499537477,6.53179652592685,5,0.087866675967783
Neutral,29.2509441730277,40.8453118344627,0.186216333628724,0.0535246437548558,0.0242929505032243,2.55434076590653,1,0.586378996322982
Fear,25.5992769713753,49.8039011832893,0.362946609269788,0.0640740212617581,0.205446665329822,6.91020460076743,5,-0.127465888038064
Fear,26.8684813800494,40.0259098628761,0.77988412237016,0.18900097225287,0.221943731689334,5.16081564542556,5,-0.0667595854517574
Fear,39.9571746640468,44.2967924119623,0.32062727913845,0.0947200035583976,0.0897241505427222,5.09633316191143,5,0.580202783364026
Fear,36.4039042228249,40.6423528480278,0.446322313128056,0.135390454764449,0.241385041036881,5.57455523280589,5,0.72541510651837
Sad,20.2489291594881,47.4245927920454,0.0153682500293435,0.00418009047521046,0.639877657048881,2.06425518744317,2,-0.631106936712154
Happy,36.5685690756087,47.8324869698191,0.162783931702087,0.906490059264294,0.0774186345727924,4.57830896349071,2,-0.0773082368642568
Sad,23.2980974324619,43.7397738998633,0.0706907546018481,0.0796668172746118,0.935474922344641,2.01328167269556,0,-1.16533740751445
Angry,37.4485688823531,48.3072788454747,0.123468554798661,0.0275539787703954,0.630159215701322,5.31610290264287,2,-0.189599570589823
Sad,20.7993485001063,41.5962802210228,0.0175291080209168,0.0293360143030341,0.911069162047551,1.93299213380518,2,-0.137971635690981
Angry,27.9814046892384,43.0400824254483,0.151141004136161,0.00293327540005172,0.469217508375008,4.6798748648724,5,0.667585482261093
Neutral,34.7843660876343,41.5272368090671,0.142883175533745,0.0428694130686328,0.0501951983045048,2.99804092925877,0,0.492224747142611
Happy,33.1055754892592,41.5535363333369,0.227970900233115,0.947343843694058,0.0282377037338278,3.41860803883189,2,-0.776415149385092
Happy,46.5198417519709,46.0984241390773,0.0885587442508465,0.887865265025762,0.0748138983140392,3.01808636845219,2,1.21132195385859
Happy,38.9849955689598,41.2354203820994,0.134384155323327,0.877631964214538,0.129830761214878,3.42252994742155,1,0.432392987057263
Happy,47.7257753858301,42.0967959384493,0.0242523999512016,0.952333710580647,0.0741517727499977,3.66518154430105,3,0.915358248777185
Fear,25.4414390175085,44.8097687081787,0.608720153911014,0.190705269277073,0.274905812478359,6.09329968767133,4,-0.146714799071398
Surprise,34.5244394189106,46.5983560350672,0.368654367852536,0.145740340847626,0.0169736748480266,4.28155042645231,4,0.581118601017803
Surprise,30.2500109724475,48.1707176200159,0.525959552117812,0.0205040592543162,0.0304412048181741,4.21886580866929,4,-0.592047461642579
Happy,40.922762894403,42.7034571935818,0.138801010206143,0.782351359692484,0.0940588717680577,3.61484859395636,1,-0.980566438184282
Surprise,37.130212437179,45.1600208759828,0.593159836064353,0.209276163440975,0.0129432316593861,4.82563965054186,4,-0.329726771196677
Sad,24.3826661965535,40.6425430254678,0.0273623223282879,0.199332314224318,0.723062787313685,1.37818744153159,0,-0.338788624837553
Surprise,38.9098115583197,40.0541637231484,0.646464226379528,0.211607636268741,0.0285009811131061,4.20716034778055,3,-0.127016659356833
Surprise,29.3180272169788,41.9179064859283,0.383409238975547,0.176370252909914,0.0502895230542812,4.75340740374383,4,-0.151427262130872
Fear,29.1913643823127,43.2405709520582,0.496140007800531,0.120697827086296,0.0378161179684756,6.02131830795128,5,0.0555184042717921
Angry,29.3358837284344,45.6067067049258,0.198934837456949,0.0139799582515017,0.587466800725796,4.30213845412272,3,0.68495028053135
Sad,21.6073078537691,41.6126015091442,0.00169268996415445,0.0792192670936492,0.574490164078419,2.4569478441419,2,0.737524166714369
Happy,30.9293403545265,47.3006132870022,0.168640145381258,0.827474873059544,0.0289303459263868,4.01628728307739,1,0.63105025227991
Sad,21.3175187634524,45.3805062169111,0.00709087301458242,0.0239839152347355,0.818839215878708,1.33116262110518,1,-0.688617900192058
Neutral,27.3865487490479,42.9930225968622,0.126171611421323,0.0300356528199466,0.0530898470167243,2.10708105273972,0,-0.632936328208183
Angry,31.2596456839018,44.6608710909927,0.386530874208037,0.06938325719682,0.935707172056656,4.11736561804794,5,-0.645854198109935
Fear,28.2127643796009,44.4610961840461,0.701311589185601,0.0872958191388497,0.16577792215175,5.67245481459719,3,1.3960812815618
Fear,31.3937529762331,45.7885642429652,0.316707819694661,0.197423750754056,0.0421661066059167,6.31386116647037,5,-0.548802587004719
Happy,38.8661436545159,43.9904209280672,0.198976803409736,0.980638880577079,0.0920920293269454,3.55070321628752,1,0.188545051020143
Sad,29.4405385196662,43.3460984349192,0.0970836384268712,0.0067304857641183,0.815886165437819,2.6258938049336,1,-0.0500790682225304
Neutral,32.1648294480905,43.9275268579889,0.0843850828689456,0.0925151003230785,0.00635082554255356,2.3739527141476,1,0.0125394147939154
Angry,39.3063328494894,46.5086413764508,0.00995549431484029,0.0345435562154787,0.982356418255532,4.17549325373855,2,-0.804867310140158
Happy,32.4798158107956,44.7403595757707,0.115444554370586,0.770057317926427,0.178444039563681,3.99338911531544,2,-0.556659484254611
Angry,27.1738871205513,45.6475777602076,0.122750664137613,0.0321028846944085,0.765739159475683,6.15761102364775,5,-0.399875787567269
Neutral,31.3707966555738,46.1418731541741,0.0414118133465262,0.0945640977207987,0.00154308672286554,2.12580207802924,1,-0.0047148501089174
Happy,32.5050612498126,43.9779268389661,0.279987422181457,0.853398385646243,0.145157574500752,4.94802224483352,2,-0.334215086992819
Neutral,31.0259925865779,47.8427945870133,0.00115355852195718,0.0296616539138666,0.0926876313348043,2.85275308283836,1,0.123423080819809
Happy,42.273093108492,48.4839871720332,0.207094957744341,0.857875709691344,0.117481215651567,3.88448546723075,2,0.283690925159898
Happy,44.9613704982935,45.4978467193675,0.0988110441256857,0.903819463364639,0.094787988023645,4.99142505870571,1,0.205473334852194
Surprise,26.1820734215784,40.2862372888608,0.800321218777678,0.186696209390244,0.0101090905438867,4.86710554399861,3,0.571293578909587
Happy,38.1977459540566,40.823716033963,0.0552900986117724,0.964950003301906,0.0581551825404477,3.62916818359628,3,0.369960309059324
Angry,38.2284929016849,43.8548882692147,0.246907620485113,0.00134836496654361,0.836695918028259,6.05357369333608,4,0.422669439546595
Surprise,29.6067891721877,48.7584279480914,0.717273892012046,0.104054251363989,0.0381437981166688,5.96361660504094,3,0.333506448691195
Neutral,26.1875085256636,48.3833041091807,0.14859671776194,0.00170769153586338,0.0334750556571506,2.5483952265337,1,-0.113198821430232
Fear,37.4391659132046,41.75129074816,0.649210925866065,0.0937524949066444,0.156968395696371,7.81005009336761,5,-0.264834387920062
Surprise,39.0036100058211,40.4700472692225,0.541094226347429,0.299736546452224,0.0794162562974494,4.73197736825497,3,-0.0766973269342797
Sad,26.4137338341729,47.5040103845675,0.0681043369759833,0.0369987472867515,0.595919084562332,2.03158710781582,1,0.0734250901285937
Fear,39.7051628521688,41.1330339925701,0.745468075794131,0.144476464415915,0.0160405707557762,7.26613363200482,5,0.0158489719891398
Neutral,26.6553016930925,41.4906582634883,0.087517480003296,0.0849689345350572,0.0357905594170565,2.14124397863995,0,-0.409975172214831
Sad,28.9930261847009,47.5793945991749,0.0140549491944116,0.0397815503871985,0.988318400753533,1.15377718732938,0,-0.742141743784304
Surprise,35.30027626018,46.1806682233918,0.438436109305734,0.223654753226197,0.0998647983757015,4.36814202124044,2,-0.525634122558085
Happy,31.0131990483284,43.9394421882501,0.0690249164042965,0.56750308948582,0.0618739238338058,4.13483510473976,2,0.372202744680175
Neutral,33.9514855908232,48.6990010815475,0.041471140975732,0.0986752698824903,0.00723113501889898,2.32820578058042,1,-0.383435530685057
Happy,37.7781260965709,40.0920414175864,0.230654606910888,0.974050918869908,0.0460025456367327,3.8815952670528,3,0.175162648114184
Fear,29.1903882595765,46.7780686237578,0.861277902330371,0.153388840955217,0.0240354685024023,5.96541448771096,5,0.878545504249612
Happy,32.445191355629,41.3986572320585,0.106482627240092,0.753481369579045,0.0306296128339461,3.32925547814258,1,-0.480532901590466
Happy,45.7380266030991,47.0695387559823,0.0795787184172794,0.819770169919834,0.138880334270751,4.22566339764026,1,-0.203814824569503
Angry,37.0072433891627,47.316791886671,0.236578844836468,0.0256041883534536,0.561446302126384,4.4195962224246,4,-0.212159457085103
Neutral,30.0549231603678,41.92603428882,0.0388843893565576,0.0984833901659781,0.0440875567009417,2.71021457865884,1,-0.028186548447862
Happy,47.5586069430626,43.2501493492107,0.023571944767848,0.697373307435422,0.028521844487374,3.34566001977602,1,-0.182098866990973
Angry,36.5413713532187,47.5768743826916,0.247133452171815,0.0914198006468056,0.984793615492802,5.68611839817003,3,-0.503228891741118
Fear,37.2562279730922,47.4870127920673,0.628995024576469,0.15944668587236,0.136796274137931,6.25192192059746,6,-0.033760094052319
Angry,35.1753872343851,41.8185261447019,0.342295760384797,0.00628659653246612,0.997531823757123,4.89378524488966,4,-0.140599548316433
Happy,47.4244489872781,47.0336185872937,0.290347999819095,0.514292046386395,0.0035411350991077,3.65942602055493,3,-0.14946825761125
Sad,20.0172890505106,47.7213955822074,0.0645228243989202,0.165781174129823,0.86379493128271,2.82054861673215,1,0.518884478247391
Fear,38.148922907012,40.286796486529,0.351587744315778,0.187496983092017,0.0376332318255449,6.72791101604283,4,-0.898232052603283
Surprise,34.6153694262038,45.214750954342,0.530055680397362,0.0054928179265067,0.072458671966398,4.69378569399555,4,0.0923828697427752
Sad,20.6224163667192,45.954748804312,0.0959264911946909,0.113834263025594,0.983983963477569,2.43616443877544,2,0.892533066443327
Neutral,25.7068474020745,43.2307286860759,0.0792135547372877,0.0609153658168738,0.0859657207344238,2.2949418735147,1,-0.436757956871754
Fear,39.2526089610023,46.9268856868289,0.574248668262357,0.16997451048513,0.0307285014001822,6.75714403342142,6,-0.0618449205289868
Sad,24.4436398250603,47.0169956376473,0.0120553059586123,0.11722453201641,0.638642801930766,1.27241088791887,2,-0.453433190638271
Neutral,32.8210344598472,49.9682817055472,0.0523297201558099,0.0592170649497721,0.0293715638195824,2.60997986544212,0,0.635798030899268
Neutral,34.558325627414,46.6341041553412,0.0376782001208137,0.0126753237312159,0.00795847777272267,2.36875572307078,1,0.0441669976384799
Fear,39.8268319927053,48.4164494693099,0.549692516276708,0.12937540674864,0.044876986488705,7.36784800740753,4,0.274159966557658
Surprise,25.7763233112232,46.9794099822618,0.642222557670005,0.0128380805986499,0.0983412936227813,4.09684252329481,3,-0.361329564431357
Fear,30.0161659543653,44.5212774223812,0.438394971857277,0.0797665449738658,0.118181470530829,7.927689071598,4,-0.095880563762964
Happy,45.5522725562604,41.8224625836097,0.0245888693277056,0.787802168875519,0.170555554221697,4.52063901412359,1,0.510204729860129
Fear,33.661973297246,42.5355044219139,0.513389909259508,0.0488184832380543,0.26515406331031,6.96266370537938,6,-0.13405232823561
Sad,26.2251342686665,49.4722311779328,0.0980033941009948,0.0357320122820122,0.800338162117543,2.16320620874387,0,-0.175641084616619
Neutral,30.3384996185776,41.5001077963299,0.168337134257505,0.0873012988052617,0.00790096326156026,2.00700712205772,1,0.0472911199567341
Surprise,30.662211551634,49.6717268343295,0.797559315756184,0.130581998431596,0.0363879036442688,4.70249476059061,2,0.331441598473123
Sad,22.5818080427709,47.8214180245341,0.014145264705772,0.14437661438078,0.64665810618869,1.81792015382082,0,-0.728953734561968
Happy,44.8923179977402,48.2934583980362,0.216220471074787,0.518211655496765,0.042273180418983,3.54857969496589,1,-0.188219417122209
Happy,47.0355473953254,42.4944807871675,0.182863576510263,0.517730707578494,0.0896076224229235,3.1874368616813,3,0.306622620553436
Surprise,36.7091682883711,45.3941673206368,0.657110406117678,0.201126859595534,0.00661205758266106,4.13327921984159,3,-0.245758617173478
Surprise,29.827331832836,45.7021817835698,0.334885093921097,0.0909695302199426,0.0357331569301076,4.64842838013841,4,-0.133305870092466
Surprise,28.9022393206607,40.7802779609382,0.492392180008012,0.265610364566908,0.0189933071451386,4.11155778878943,3,0.109094792030976
Angry,38.2302867866961,43.5228785733995,0.273333407836518,0.0145536389756418,0.901391866607525,4.94184334830944,3,-0.974741164885125
Sad,27.715541513885,47.1724468338645,0.0252246261698297,0.117511307582578,0.614781567359509,2.26655807432876,0,0.617686622122589
Fear,28.4277883392919,40.5392926028614,0.812011466262642,0.130377901786516,0.212398410451733,6.22443537416736,3,0.468815547738046
Surprise,25.2489714229961,43.933385840268,0.556887577856059,0.148465059420264,0.0938558885782587,4.56963819203051,4,0.0374426337589624
Fear,31.4791373038417,49.5117321849328,0.43988713919731,0.00642143187354909,0.29613935714119,6.50019322938884,4,-0.626819613555237
Fear,26.991671078876,49.6664908262398,0.7886503045848,0.0577553866058839,0.192810755841901,6.7913430194998,5,0.135225211650885
Neutral,28.7924754941282,42.0677260770859,0.192411878861065,0.0590630042359178,0.0840398670132205,2.47846085318915,1,-0.572865344951462
Angry,39.3791522553051,42.5164483808793,0.0383953763266623,0.072829858820473,0.881713734667371,5.41464834951739,5,-0.65930389284946
Happy,38.5140035175589,43.5938855876201,0.157162997696767,0.623833760595497,0.165858902136155,4.48388260372878,1,-0.251689337700286
Sad,29.8045508442403,41.9852736210477,0.0278723637393107,0.00482950561506788,0.697072657154391,1.49373707538996,0,-0.513912341887211
Sad,21.8839426825897,49.3321287644641,0.0115540743870838,0.116017281696679,0.812993278979692,1.86146755818322,2,-0.142192060636813
Neutral,34.3652916568384,48.5312979943699,0.199678845474194,0.0336554809522117,0.051770393122603,2.96914957367683,0,-0.715636876280669
Angry,36.5572293301975,44.1696322821595,0.230512436133406,0.0258813878568768,0.774844993020825,4.4353456786924,3,-1.04456576323871
Fear,34.8893294282775,40.0945275686613,0.430562050390234,0.16045822226116,0.138409553054042,6.4756470147527,4,0.203231252847584
Sad,24.119010806077,48.241573201271,0.0550686137660492,0.192028799475822,0.53280807016791,1.82484620987626,2,-0.651954024956464
Fear,35.2159869857281,43.9179105593863,0.330265732947022,0.174771417023219,0.298715491923412,6.05602799740392,5,-0.632495931308348
Fear,27.2483563836749,40.2097238753349,0.443122986686908,0.0816494765180961,0.00398096349943993,5.00477029042883,4,-0.900721527993526
Surprise,25.6624024630926,48.2914277581895,0.826882507981877,0.158690043374133,0.0990303525740054,4.20589256687701,4,-0.236844257702215
Angry,34.6145091795698,47.5243169516115,0.294720348666471,0.0137198325777235,0.832964147291995,4.85893019565687,5,-1.46901014744166
Neutral,28.9094938910407,46.0527811395326,0.139428479739249,0.0452196157652677,0.0681697961346932,2.2158024531458,0,-0.193540223170776
Happy,32.5598686452524,47.2948829756299,0.120503438319142,0.983514048757097,0.077826560946305,3.46571023186721,3,-0.780893666167592
Angry,37.7530181964656,48.8666689542717,0.126514551876804,0.0817717515073417,0.752945931982032,4.67401149236118,2,0.817292963718553
Sad,20.6422266519996,41.9580949701636,0.0830331951230072,0.108172293185359,0.765740519495875,1.57937879384291,1,-0.557329597252265
Surprise,37.1142950442517,42.7032505791238,0.628786016318308,0.0848710026169377,0.0646987881816377,4.99718001945257,2,-0.247009186673953
Surprise,31.4798244235221,49.6265685019916,0.854757084994018,0.203050428966936,0.0252607585463398,4.66138020152575,2,-0.0593319093996
Sad,28.7610903651956,49.63009887312,0.00117111364252556,0.0741766907694144,0.636794252419515,2.35648319432081,2,-0.483347934931949
Neutral,29.6894868296922,48.6042555530956,0.126618214174128,0.0104391230719223,0.07257554761757,2.10392122206419,1,-0.227245809020674
Angry,39.9545831098186,48.2101977663187,0.250227668490761,0.034025700267991,0.575225775227512,4.51419113726933,2,-0.0238859300338226
Happy,38.2391765885238,46.6842119123647,0.18376052793445,0.605210634149238,0.0113705557404034,3.66127213159486,3,0.352372954894858
Happy,35.4412606975378,47.9732315683522,0.287316743671023,0.675691273806574,0.134784278507642,4.79313695769895,2,-1.36759970195837
Neutral,30.7498906966652,44.19190033862,0.193086703503632,0.00290201240622858,0.000716997630153893,2.47017681202983,0,-0.0597011119696189
Neutral,25.1878445731562,49.4767908714165,0.198856121631442,0.0519961425609129,0.0301527239959264,2.8881455607035,1,-0.44186410428866
Neutral,31.2018864196689,49.1909122039909,0.180021113194558,0.0488154713213186,0.0650181439922084,2.36469129772048,1,0.683776638743455
Sad,23.5928438340286,44.4403418408073,0.0440439263055143,0.188757634258327,0.807199396416751,2.3274962402853,1,0.473607643217807
Neutral,25.4501455469941,43.5171039327646,0.199330579146461,0.00306976242545618,0.0760837015294565,2.03754801975801,1,-0.79834778488971
Happy,44.7368064276292,47.4793012849117,0.0142151983778033,0.674106856775247,0.169896021578895,4.50138648397481,2,-0.252544541425973
Neutral,28.4876299616567,41.9607852783866,0.0372097348335418,0.0404799931211789,0.0324864668258456,2.47062314282401,0,0.170611241530094
Angry,37.1111370248472,41.3322259827373,0.171059070839222,0.0874446814043304,0.772635990041915,6.8088169256798,2,0.226734872719945
Angry,34.8672688580931,48.2328664193611,0.169493634935876,0.0758172405204772,0.715924368121945,4.5546199770254,2,-0.775209436126969
Surprise,25.3529248074742,43.7910339575441,0.829333418008,0.15829722527235,0.0524645642784678,4.80088875641885,2,0.179784636959662
Fear,38.9626653450602,49.7039796320511,0.551395635607477,0.0555494979307196,0.281740607621146,6.32602171804761,3,0.738848329730807
Happy,39.273456768674,49.8838596169044,0.228072440208969,0.612661986303917,0.132956883846294,4.69197105681976,2,-1.60658941706738
Fear,29.0207647191045,42.3962451866271,0.533511675336196,0.0459512129342428,0.0817471096512382,7.17029203114553,3,0.195046810062586
Neutral,31.6369130008191,46.6983075233753,0.0862041839220107,0.0277137124594907,0.020443781160994,2.52132023441791,0,-0.42839540586533
Neutral,26.8425206331719,44.3930124127365,0.186965666187829,0.0555163247176906,0.0263959166276028,2.48389526699091,0,-0.434414402640556
Sad,23.4422429491662,48.6821694255334,0.0836838751793342,0.00929637419025617,0.783873262090698,2.16955865331952,0,-0.272395025015016
Surprise,31.3170338768065,47.924710681897,0.458818108567389,0.190120812482837,0.0959836882480746,5.03186753830551,2,0.741304618983307
Happy,41.6145586323021,47.0047614256455,0.131326014468279,0.976461816264218,0.0516470251681718,3.02414165886974,3,0.286120271718163
Happy,34.4939060892801,44.3097671085073,0.115147928812909,0.821111791225348,0.0613204217074294,4.11331749166933,3,0.313972749627548
Sad,28.5911787264164,48.5554013105116,0.0269308777319836,0.0795756588714892,0.578356407241414,2.88592488683159,2,0.74106340244759
Sad,28.2644593290065,43.1545428321346,0.0208524681310054,0.0792003632036874,0.727994646863828,2.27155440877183,2,-0.102121748831382
Angry,39.9929872681377,48.8389890367362,0.27540332807196,0.0479586995064314,0.62542723453363,5.44921414165132,2,-0.00602270272011375
Angry,30.2733891040281,47.5843765108055,0.00727274769855226,0.0575747476131732,0.780025162513698,4.04528631633586,5,-0.409569814095477
Sad,25.6339674842797,44.1371220523555,0.0890222489846095,0.0700161964228126,0.64554542203723,1.96911022261132,2,0.416790930668842
Fear,37.4387360391992,41.4902980032448,0.390789976216864,0.195724522654106,0.0799378027390708,6.23733910367439,6,0.263675216022434
Happy,41.4544483470229,47.118856410519,0.261902933923031,0.750547560313394,0.172197676259049,4.84487149594938,1,-0.579194313686045
Happy,39.4381664035617,48.9382701354286,0.0628918505265071,0.623816295491863,0.0543696178557384,4.10308415220677,1,0.113027152519421
Angry,39.9605470702439,43.7964867846248,0.0420179464783382,0.0198324675188915,0.994702799556439,6.84542387056574,3,0.715504396315363
Sad,27.2097860948971,42.2839689004664,0.0811504551697778,0.182890679127906,0.730750866905341,1.33161471042265,1,0.146622779914696
Neutral,30.2344445234852,48.9130139555646,0.0953524818340305,0.0587142216251577,0.0398656514542403,2.59316550702026,0,-0.372359936662816
Happy,38.4774490077463,47.7059334819336,0.119415810842011,0.674508664825258,0.178678086808602,4.09094778005644,2,-0.0996213951761165
Surprise,31.9674244485764,40.894798075991,0.685727853540308,0.143919126163393,0.0506689396046904,4.39748792011362,3,0.226073023144619
Surprise,26.3324395686127,45.084408836964,0.348582391385947,0.270672444663365,0.02692757144189,4.56133033532235,3,-0.566506808455308
Surprise,33.9563188569118,41.4515463352307,0.429000493874973,0.124391978481177,0.0537993135492262,4.99065077598059,3,-0.225097695580327
Angry,31.0224874544686,49.1032167037983,0.298486380039957,0.0219293281614294,0.884230477419129,5.08337641627394,3,-0.169680962178505
Happy,46.879865667463,47.9434576750495,0.193913944719162,0.668733911886907,0.0173976966062558,4.36807774133955,1,-0.0685199732375271
Neutral,32.6275233569329,40.6417637449058,0.0774801338031106,0.0211600209678244,0.0756590662035713,2.99075988022046,1,0.626185487929763
Happy,44.9075132518374,46.5683691387645,0.175110414907279,0.526062957082552,0.0149026038275539,3.53077846409247,3,0.0329087938293132
Surprise,32.2352533443767,48.6180828795058,0.397450198165632,0.140864354436711,0.0693563492402433,5.51577283825833,2,0.595589754643453
Happy,31.5298922239579,49.1550914448885,0.18480329797934,0.920700885886421,0.0591700766131386,3.15297014411877,1,0.598026479715948
Fear,28.7536641717475,43.151323538857,0.71784017166279,0.148152232375275,0.100339277105251,7.03241686788876,3,-0.0696957729435132
Neutral,32.210165949884,43.3660038404767,0.0675738376972391,0.00414136436236865,0.0151661395462001,2.37779402565905,0,0.48020896966743
Fear,37.5720857945794,41.9864512017237,0.496378287595865,0.0468038812423951,0.19591642804025,5.31037048739298,5,0.209639351476301
Angry,31.8984345182863,44.2418723430409,0.341521608516154,0.0417384503448403,0.577511482450357,6.42109681786485,2,-0.0615635758901939
Surprise,28.8315708104701,41.1159612771763,0.717511502331929,0.030166563490972,0.0597703530160857,5.45029340719469,3,0.0578830309752945
Surprise,34.961612593385,40.5686635837544,0.582260853100254,0.0719883675193655,0.0938757137232345,4.87051615059486,3,-0.265271471733338
Neutral,28.9083643326505,44.2566758829793,0.067666032350145,0.0459984541617437,0.0986006158806736,2.07207935757504,1,-0.568092511663308
Angry,31.3884405709216,45.5496831483236,0.304892918352808,0.0588561895802502,0.807025304985477,4.10361731657804,2,0.379975734917834
Angry,26.9370308267839,43.9884708717256,0.126119674030239,0.0953376715167753,0.873883734744972,5.23736651972194,3,0.335790190271739
Angry,33.1526004010453,44.7329051462795,0.0329461387842851,0.00738436205456212,0.755915285621028,5.71833571041379,5,0.256615794546302
Happy,48.5860914289607,48.3182866818926,0.237785605310946,0.689479716006209,0.0588821209118617,4.61929921454798,3,0.321116258468571
Angry,38.2639642298482,48.8885487550626,0.202317363780838,0.0946380008562299,0.577825414898658,4.46101716269891,2,0.257233242111232
Neutral,28.7418304759055,43.7920485433235,0.185946755858535,0.00774212871883627,0.0228539332487676,2.87911854553987,0,0.633792715943988
Happy,30.0283819139971,47.6250760746556,0.157648458753331,0.973192420560721,0.15095694601449,4.80206158269897,1,-0.542064787938518
Happy,45.5022829175335,46.0904066543739,0.0382272694147495,0.792960930592907,0.0472152773255728,4.97230582693932,3,-0.32771642648889
Angry,33.8209333449109,47.0276342515402,0.346006906759083,0.0987270774535035,0.894553229782025,4.85470705143304,3,0.413759180816073
Fear,35.8686302295347,48.558222244344,0.437856319476301,0.154338586476938,0.264889838204494,7.62646330054953,6,-1.16443759985127
Happy,35.8318245537343,44.5113578944358,0.203619709998713,0.607432216041535,0.0951338716606672,4.34328825094583,3,0.538781379344463
Happy,42.1128803412266,43.5550334786444,0.0523832254472802,0.925390925550387,0.0737457548146677,4.90879456542242,2,-0.518501796677342
Happy,48.2600288821721,41.7635529410975,0.0706253252748603,0.500018640262861,0.0901525637559681,3.83515498046717,1,-0.415788642843879
Neutral,26.2027392240985,47.1204258766416,0.16870877773991,0.0963668237920602,0.0128117104616208,2.29290565389417,1,0.339451358496885
Fear,36.9964780679685,41.4422919190193,0.501120156746006,0.198567428214069,0.0689012481413602,7.13096800743496,5,-0.564323018846677
Surprise,32.873426582685,49.6186506875568,0.374774812987463,0.073978704661208,0.0276830486307292,5.23191899543159,3,-0.129229149021399
Fear,31.7068552950946,47.5425315644219,0.763875235026408,0.118179554242637,0.136043859708855,7.09477166312519,6,0.291234670056333
Fear,27.9917987609175,48.0723985832497,0.810475414685375,0.133041771267202,0.236458058610684,6.78068883458303,5,0.390289970131207
Angry,37.3882435941632,46.5839228622048,0.0398284260467408,0.00304444480139174,0.547249525117687,6.36408142507289,3,0.647149623903766
Neutral,31.1144856623788,43.3224762910592,0.160463968394735,0.0338981049631144,0.0591643416771387,2.22316148227832,0,0.0347498670883135
Sad,25.4117893860578,41.8956779324847,0.0831735955254319,0.178096960869421,0.804230863419982,1.34303188452518,1,-0.295077591440073
Angry,39.5791828438347,45.5479392738856,0.174205414942864,0.0123200208217243,0.453344198984596,5.73756340896523,5,0.64467545259371
Sad,20.6559479871936,45.3482856518881,0.0346317054384151,0.0862998986834577,0.657577062700831,2.07449181817972,2,0.409006711930803
Fear,33.7430730517204,44.0246045521983,0.864915628334314,0.0351683445626211,0.112896766032349,6.60457281990967,4,-0.359380345332895
Happy,40.6164378939299,43.9851841941799,0.123583586526338,0.948584206535225,0.146725085600398,4.76577895310821,2,-0.593827466812138
Happy,37.3348827482061,49.5926549799844,0.217590769404369,0.871109953440299,0.024604707897895,3.99103457496769,1,-0.776468081081771
Angry,26.45374728073,42.6066674524263,0.262323801507243,0.0773481547850917,0.776259892657206,6.55660396841547,5,0.370689864544074
Surprise,26.4063525754857,42.5613643722585,0.747936909547509,0.202272101784431,0.0598236040520841,4.35747418626081,3,0.429027491015458
Sad,23.4402720028266,45.8463375666312,0.0384764048290926,0.101780596874389,0.889146344202533,1.29941778300409,1,-0.309431487100535
Angry,38.1564174337844,41.8057716340649,0.0614097430039763,0.0242436721663172,0.938409360550286,6.6373754144262,4,-0.289325360198328
Angry,38.9174160989207,40.4346536846527,0.319934722256464,0.0466374001284109,0.797567290108592,6.65726581410978,2,0.302309663711223
Surprise,25.9252894086658,46.9506579008942,0.667535092200774,0.271047798128564,0.0601446001224962,5.42402495985605,2,0.804286107942445
Sad,23.8917165895457,48.258662082438,0.0917687499474151,0.00234057963627912,0.603547385473221,1.29633825453805,1,0.282298754444834
Angry,26.1126061265393,46.9478147896901,0.377327299955068,0.0285522923976709,0.857956310024377,4.35690301124397,2,-1.20600745675597
Sad,28.1375653409834,43.7211047448789,0.0178964596953498,0.0281250627817665,0.621702343258461,2.93042056277227,0,-0.0808689715241318
Fear,35.1573436659276,41.9870707157034,0.794814099753819,0.0304268075436548,0.193623342916291,6.57610754087431,5,-0.0234004296454833
Happy,33.3975275993476,44.4534439301444,0.0855739518125901,0.798239888460907,0.197257407257744,3.79700352565981,3,-0.673537778699358
Fear,26.5740315578299,47.7539070157735,0.813707086475428,0.176299452885561,0.199286796407153,6.76207686708921,5,0.273077967148094
Neutral,28.0846797964758,43.7936806243344,0.00995764241406059,0.0683221412788102,0.00131215022755238,2.14200556345131,0,0.125748556159797
Fear,28.6891485634888,46.3656795277077,0.568813267167948,0.0599820703825197,0.145121823702329,5.14679628164824,6,0.542808196359077
Angry,39.6653452954148,45.9257281448612,0.341708679655307,0.0708311394050684,0.573833894994667,5.51711593832494,5,-0.333125265328204
Neutral,34.0309964123324,41.6550875061367,0.0825139555942454,0.0447408200915377,0.0367640806660445,2.78147021346704,1,-0.218615211700174
Surprise,28.1927841923039,46.7002835417874,0.626932053133202,0.137168375073386,0.0590789943191919,4.05030637561118,2,0.195762405186497
Surprise,36.5052743335577,46.1037534278569,0.475357418278423,0.0911139280111009,0.0539724225540993,5.09679355647231,3,0.763251278273174
Neutral,28.9279747032081,43.9180063953936,0.138927091524542,0.0144415082238376,0.0388254062478789,2.98156392770601,1,0.0895318991654494
Neutral,25.2661971472632,46.7755796031302,0.165977091451415,0.0895445556200886,0.0399555495739753,2.31311528428041,1,-0.233550080397293
Surprise,39.0173232344505,47.1922989525981,0.514589359032517,0.18819975016157,0.0555946265476008,5.39673351442661,2,-0.0604233480302658
Fear,33.2364598030787,48.4404402240532,0.331493619376628,0.0164193985239307,0.0644563267255896,7.72583435781736,6,-0.864370977430874
Sad,28.3354616783812,42.6292367958373,0.00464201726277664,0.104035270212962,0.918719147096662,2.38903128105451,0,-0.0657088001880374
Fear,31.4017158326276,44.6646668416342,0.506154140501595,0.153979956553188,0.218038813337519,6.69993455866876,5,0.336789956334662
Fear,28.9832190961783,43.5618519668457,0.421200980898649,0.0460940216395193,0.29740602403436,7.26146935520413,6,0.639205517013727
Neutral,33.4976973595199,45.9916042897869,0.124757307692556,0.0860622496159727,0.099494961870244,2.88809509117535,1,1.17065613348533
Happy,30.1879195859365,43.9666266094125,0.0833523932186373,0.730728095455359,0.10837472796921,4.17770098003201,2,0.951592703533432
Angry,29.1901431460336,48.599009699555,0.251785595027538,0.0376759703634607,0.611427963578009,4.35364798033164,4,-0.516174275665121
Neutral,27.2565488851482,49.3328339769673,0.0996074824946933,0.0748302931654445,0.0879087630349888,2.22294276750064,0,0.0534068563323122
Sad,25.1459760812365,47.4798795118998,0.0595579729077753,0.131889284760103,0.605502148942087,1.47110990250133,1,0.496011734672391
Sad,20.6821449930581,45.2873312375086,0.0332608088594027,0.163642869533187,0.725562933946835,2.62511136384972,1,-0.628023232749995
Neutral,32.677817387532,47.9466361133291,0.0598813267144972,0.0087508493653782,0.0331236222627338,2.43894331890712,1,0.311975096056479
Surprise,25.5950319580596,46.4445887331282,0.491912811755074,0.126398823058082,0.0356075323520458,5.97262508468387,2,-0.250914565024899
Angry,33.8090929771899,40.4409727853242,0.220577896792721,0.0665582340312168,0.981741635372555,4.60120714899612,3,-0.340544651545708
Sad,25.2804937308537,40.2193318832781,0.0199540107143536,0.102905549308489,0.949279346723638,1.30346332881559,2,-0.0309589450797789
Angry,31.2356623838034,46.945311110933,0.280340846498091,0.0762070756498917,0.45402855503452,5.747857656307,2,0.937050708052533
Sad,28.5925468438174,46.8430034031778,0.0639333037053271,0.0637713654920559,0.605845237795752,1.80219842932089,2,0.11902465070528
Fear,29.018308446566,41.1925773970741,0.630185363274924,0.15196669121464,0.225105313620682,7.07850362764848,5,-0.564956732034973
Sad,29.0591909364852,43.9433808808527,0.0859507249821785,0.0354234160004651,0.557437059194382,1.06169304203382,0,0.179909458371522
Happy,39.6585497124086,41.2538632297306,0.293524526280435,0.891076119628397,0.0976183928246786,4.26818035928206,1,-0.305721572615105
Happy,46.3176067768017,41.4528341721431,0.0673122706850841,0.604284802708352,0.00182418466034144,3.60266842575234,3,-0.046377198121496
Sad,23.1626028873921,40.2449792670144,0.0873157141510704,0.171442794399497,0.925655715925285,2.37836998323368,2,0.466748858875112
Angry,37.8516015913764,47.4447690948825,0.363391584032398,0.0699975612337079,0.536683462532979,4.13473956518793,3,0.577860565211849
Sad,29.2793938557366,40.8852936776186,0.0209321951491337,0.0275894780092714,0.871222769015514,2.34361443523321,2,-1.08140576117353
Sad,20.6394534675229,46.2103881944911,0.00139035241684464,0.0999818441177222,0.892006545839111,1.67769321457053,0,-0.139980198963649
Neutral,30.8933003474814,43.9506246728052,0.0735136752815353,0.0927806959534267,0.023234992329483,2.43449850683068,0,0.489425532841818
Angry,36.8798592438393,44.2790545975978,0.191240938959805,0.0349232220306318,0.636796139412254,4.24494599463585,5,-0.205045749917363
Fear,37.1938186949129,45.8150238330978,0.610184968999213,0.107877031540717,0.0261466589379633,7.439111192866,6,0.297181907163904
Sad,24.5796335316429,49.0465156997217,0.0142493154468462,0.0934237613945119,0.585567068553574,1.35105996115483,2,0.743475814706596
Fear,28.8227273217564,45.0351950025514,0.610176085341931,0.0960247193310931,0.156940696327468,6.93298322335734,5,0.271633856160126
Fear,36.4166252637077,48.5196659105316,0.548955848074707,0.0494307280454329,0.177674707181924,6.4282508559422,5,0.444350668103223
Angry,36.0804405464009,47.2638098862329,0.0419072168154482,0.0711841605975362,0.999318274693062,6.10244227312905,4,0.346019092878197
Surprise,37.7927636820315,45.0071257743902,0.681003831131656,0.283628426630008,0.0836238208279581,5.03234751367056,4,0.214627678326331
Fear,38.6151506704232,43.5919539875788,0.821721064880059,0.0505253050200457,0.156760462651546,6.11206363053536,6,0.387599021337616
Neutral,31.3667392465249,49.2344607516814,0.0199543778931386,0.071905086669707,0.036957680385485,2.62924598386733,1,0.321635222820744
Neutral,33.8452880692567,40.2389624313758,0.0913676877446797,0.0478676488825383,0.0759115272779339,2.18345774900219,0,0.697248862492879
Neutral,27.439873375841,43.651682680094,0.0607406018709948,0.0506001950012752,0.0730809554925397,2.43394636008671,0,-0.586899247871779
Fear,31.7360660793195,40.2261579118301,0.442597644369575,0.170815588735504,0.252248682283112,6.83823149946291,3,-0.327496784925108
Sad,20.9277302211103,40.0611258378454,0.0892867745992088,0.156648093283813,0.978291958820058,2.38066893519629,0,-0.465451567091124
Neutral,25.6893889035921,45.3047882532653,0.186522132030255,0.0970456399432245,0.0806447697991801,2.79655934398513,1,0.321569739865358
Fear,29.5722872633054,45.3934457378929,0.509258149779728,0.0653544476727441,0.287269562561029,6.63146810405669,3,-0.473280523885008
Surprise,36.0306839682732,41.699756174473,0.739342777854688,0.113958756213515,0.0158422709778843,4.89611472549739,3,-0.0581608561565792
Surprise,25.6831191386449,47.992401220668,0.573676002135684,0.0879126290387672,0.0132143314494889,4.00377307807114,2,0.682159263108527
Sad,29.8530421493451,41.0750210071924,0.0757674455025984,0.0738030314164802,0.987368122447229,1.27598164564172,2,0.167054380177382
Fear,33.8920700979526,43.2272089481057,0.410489128931257,0.0881869946821638,0.179920977859378,6.2745278065039,5,-0.708075696367423
Angry,26.8602021573512,46.8625978865011,0.0929365606205832,0.0143814106091373,0.449498001595072,5.63731077103147,2,0.469799164635984
Sad,21.4287075815593,42.0544924763219,0.0754274493037335,0.0802298415526583,0.541235099736823,2.43304028958153,1,-0.588362459493655
Neutral,33.7601412975716,46.0084834840456,0.114362560031626,0.0598653423819737,0.0573745902822263,2.16953307621272,0,-0.57842116824478
Surprise,28.9690362531837,46.6103905462704,0.590916394591404,0.0295540148919567,0.0847818019440802,4.04358957789116,4,0.682408757623283
Fear,35.4524882830413,45.1397961595656,0.385332805194382,0.0366015065768265,0.0446029323966523,7.14655055488631,5,0.0192208974363271
Angry,28.3472346262661,46.6366698355468,0.018747045977122,0.0202971450233232,0.86652024795613,5.06934543116612,4,-0.504700920771253
Happy,39.0413553590112,44.0576474186904,0.295945639081995,0.874612039407221,0.119890569216095,3.65577074949895,2,0.611829042744937
Sad,28.5773902669128,48.3514099770338,0.0723556731396723,0.125167542197242,0.683231373172228,1.5680477663153,2,0.2325850265053
Surprise,33.3610787961175,49.0251490881435,0.599239601530783,0.281389341188347,0.0513255463481437,5.63242821860923,3,0.0701598454021001
Sad,22.5145024057678,46.5368369367004,0.0395719188249811,0.0912179185862707,0.53590152247936,2.84001039964254,2,0.261667829048376
Neutral,33.357100194388,42.7461715674259,0.185409344217224,0.0150192581815252,0.00142083952821618,2.82356514636022,1,0.372303626366536
Happy,47.4262046515479,46.9413441946866,0.194824880619265,0.903931436982899,0.137191245842663,3.21372171555662,2,-0.340079123154892
Fear,38.3033619093524,45.2643757299164,0.325676463644583,0.150189898238437,0.221202442777185,6.29397679687847,6,-0.353740485289925
Happy,36.2079035327336,44.7439486055585,0.179802318186755,0.657516004027689,0.0289954520454212,4.61767694411132,2,0.209837095057426
Surprise,35.8404765253861,45.4849931086464,0.482022179723363,0.0871967547370265,0.00860013829758768,5.6346863507315,4,-0.600244694117547
Angry,35.2401379735057,48.5299874139853,0.0289905942714006,0.0281993094397212,0.650190040113325,5.67953027302162,5,0.0555063050749923
Angry,36.2915798579677,48.8213936733316,0.393661374557291,0.0057838011361534,0.997205943064823,4.64359878687424,5,0.439653133199744
Neutral,34.1186599153999,47.3826143640855,0.063878000962543,0.00240790357506779,0.0875434345039956,2.6062163823541,0,0.47140362522321
Sad,29.879413666742,44.4454703790402,0.0437755563332069,0.0904220392064377,0.709444315954082,2.19013042235987,1,0.961220098743682
Surprise,32.8251102290145,45.1750105253,0.779512232532513,0.171359888248772,0.049020916275108,4.72679939271406,4,0.0762576918477184
Fear,29.0817438946326,47.8836921034188,0.508329557135373,0.182641911934379,0.0176818577264262,7.39531700445492,6,-0.232994916827632
Surprise,29.2251516459234,49.4665913134535,0.758440313326938,0.0840912358419044,0.00683621656995945,4.29395130285018,4,0.870935917395094
Happy,48.4618238469847,45.4305104786131,0.169085031086382,0.619774829283332,0.0607305217316608,4.55829487894463,1,-0.407905496984706
Surprise,26.7414538985694,43.527191148676,0.632126053686899,0.229173597924332,0.0655180448870979,4.40868755497977,3,-0.473899691952572
Sad,28.6096104776419,49.0358141666549,0.0485423018152006,0.19196031080567,0.77998348135638,1.26650254878353,1,-0.371847304422523
Sad,21.1170777858154,42.7658308247199,0.0261357809922958,0.0682517938164002,0.833109762795921,2.32119089975072,2,0.566612090199636
Sad,29.7131754848795,40.7093890025143,0.0473467539133007,0.110659934590001,0.731663396849941,1.77207706366663,1,-0.438108015020972
Angry,38.8625306299109,40.084363462691,0.341255647980596,0.0707742646636516,0.647277981638478,6.4080325732567,5,-0.483774195392314
Sad,25.5663919913802,48.4016496693451,0.0936100457744372,0.150487675957953,0.957738528058492,1.80922553363168,0,0.498956432481264
Fear,34.5992555338322,44.8270782343372,0.303407535710847,0.105194565134931,0.146594047883672,5.97974468698994,3,-0.307470363983693
Fear,33.314025197464,49.969980583512,0.595944319992888,0.09430773439417,0.243644104675208,6.82872539414536,4,-0.661055658079303
Neutral,31.3780237800659,43.7184583019148,0.183894418064403,0.0318153441378779,0.0328493207467879,2.12619074060081,0,-0.341176294658852
Angry,39.4616933464369,49.6616679468075,0.299971685190252,0.0971792110863631,0.860646903447596,5.34981745254796,5,-0.683780207529084
Surprise,27.5508554741362,45.0433186490174,0.804941674898085,0.131445652712563,0.0345141273487142,5.50912258453768,3,-0.338389714836607
Surprise,33.8687615335761,48.34447820532,0.631430866736226,0.178406745980708,0.0759084292112752,5.46910185948252,3,0.0153948255984716
Surprise,29.6464595218176,47.2374001038081,0.543544027701023,0.264950473431247,0.0834661156941423,4.81740826017486,4,0.416369817423333
Surprise,25.3467597733811,47.9410458947503,0.487307992708417,0.07450165575288,0.0803347086603765,5.54702322407418,4,0.0730564282738375
Neutral,32.3687696094887,47.939229052322,0.112769591233613,0.0578631601687306,0.0354947504547154,2.07661308998654,0,1.31152863590352
Angry,25.2667179045984,45.5394871747738,0.00510493679796342,0.0766452089316412,0.968692809872404,6.42854724548458,5,1.22720675590657
Fear,37.6928126769359,48.563412470698,0.872488973978727,0.17875196719975,0.0243440527389375,7.15523205375706,4,-0.199745031998134
Neutral,31.5102539713298,41.7088737683711,0.0654703053862876,0.0418585213377764,0.0414200685161295,2.72652637540146,0,-0.498109383766301
Sad,21.0760335995757,43.3120391825287,0.0984358912991117,0.106917216004096,0.5027863713002,1.13660488566188,0,-0.499867606439102
